rank,symbol,date,close,adr_pct,atr_14,gain_1m,gain_3m,gain_6m,gain_1m_pctile,gain_3m_pctile,gain_6m_pctile,momentum_pctile,dist_to_sma_10_pct,dist_to_sma_10_adr,dist_to_sma_20_pct,dist_to_sma_20_adr,dist_to_sma_50_pct,dist_to_sma_50_adr,triggers,next_earnings_date,earnings_when,days_to_earnings,avg_vol_20,avg_dollar_vol_20,shares,binding_cap,stop_price,risk_per_share,actual_risk_dollars,position_dollars,preferred_entry_low,preferred_entry_high,max_entry,extended,stop_exceeds_atr,score
1,CERT,2026-07-23,7.110000133514404,5.855156378958304,0.3648175048255469,31.666666813838628,11.442006363309542,-26.32123922718579,0.9540441176470588,0.5867924528301887,0.2349514563106796,0.9540441176470588,2.545712150917152,0.4347812400136206,5.161745709521946,0.8815726473287254,17.445852459074658,2.9795707116841283,AT_10MA AT_20MA AT_PIVOT,2026-08-04,bmo,6,4289350.0,28314307.40754366,1856.1475718888648,risk,6.840625,0.2693751335144041,500.0,13197.209483952267,7.0574087524127735,7.119427728233116,7.239817504825547,false,false,1.12249649859944
2,NRIX,2026-07-23,23.739999771118164,6.144556996149331,1.2583248669264149,25.874862157152577,42.754064757414035,24.815978968222694,0.9283088235294118,0.8188679245283019,0.570873786407767,0.9283088235294118,2.139848345696424,0.34825103698076587,0.7771690527137629,0.12648089247130412,18.04170119752411,2.9362086166391617,AT_10MA AT_20MA AT_PIVOT,,,,1825220.0,42601212.60178566,507.94995724858427,risk,22.75565083503723,0.9843489360809343,500.0,12058.731868820872,23.499163272696606,23.713078500074097,24.128325706159814,false,false,1.057872315592904
3,CLYM,2026-07-23,12.760000228881836,7.809475899618912,0.9917693289855015,3.7398376505186848,37.20430072242367,197.43590541595873,0.6636029411764706,0.7943396226415095,0.9805825242718447,0.9805825242718447,-2.0846378466692026,-0.2669369716309553,-2.9271137974099792,-0.3748156515282693,6.400471904351549,0.8195776498476525,AT_10MA AT_20MA AT_50MA,2026-08-11,unknown,11,1526185.0,20075260.69750309,875.2731722816104,risk,12.18875,0.5712502288818353,500.0,11168.48587864748,12.74588466449275,12.914485450420287,13.241769328985502,false,false,1.04347934966867
4,ERAS,2026-07-23,19.34000015258789,7.429905757679878,1.2884223746844148,28.33444289471485,-10.66974367965,92.43780881136219,0.9375,0.30754716981132074,0.8776699029126214,0.9375,0.5015518164684859,0.0675044654435973,3.916752960877664,0.5271605170535488,22.3634957735561,3.009929937595804,AT_10MA AT_20MA AT_PIVOT,2026-08-11,unknown,11,6008220.0,110493619.36738014,600.2402595909064,risk,18.507000379562378,0.832999773025513,500.0,11608.646712077523,19.244211568811934,19.463243372508284,19.888422756154142,false,false,1.0313492063492062
5,RLAY,2026-07-23,19.09000015258789,6.565228998384209,1.1490030481484232,9.461006697265173,15.626892113500524,153.183027177315,0.7610294117647058,0.620754716981132,0.9475728155339805,0.9475728155339805,-1.3331577520182951,-0.2030634045432997,-0.5015697409183167,-0.0763979049385421,14.764275190540035,2.2488591325868024,AT_10MA AT_20MA,2026-08-06,unknown,8,3771865.0,71890514.24489975,777.9688656945419,risk,18.447300910949707,0.6426992416381836,500.0,14851.425764817433,19.114502439601555,19.30983295778679,19.689003963675766,false,false,1.0313029742641393
6,SNOW,2026-07-23,265.1300048828125,5.139901191027696,13.180844084680475,15.068790707377078,70.42488423251345,28.392254180538746,0.8382352941176471,0.9169811320754717,0.5941747572815533,0.9169811320754717,-1.6795510475633504,-0.32676718581579056,0.935958610830389,0.1820966154882929,12.203675737645291,2.3743016225580846,AT_10MA AT_20MA,,,,5729160.0,1484294441.198578,75.43469102578564,concentration,259.29700607299804,5.832998809814455,440.01046297212883,20000.0,267.1904281458559,269.43117164025153,273.7808501881961,false,false,1.022139862234202
7,QDEL,2026-07-23,16.579999923706055,7.362626634545499,1.1709692860046181,38.86097576540952,39.327734917640214,-43.64378014714592,0.9705882352941176,0.8037735849056604,0.07378640776699029,0.9705882352941176,-4.9095292081454645,-0.6668176252629621,-3.4740655803522467,-0.4718513857611501,12.21712863502056,1.6593437697489235,AT_10MA AT_20MA,2026-08-06,amc,8,1596540.0,27282808.247833252,1084.6006639819475,risk,16.119000759124756,0.46099916458129897,499.99999999999994,17982.678926072225,16.785485405941763,16.984550184562547,17.37097004894407,false,false,1.0090802987861813
8,PRGS,2026-07-23,36.91999816894531,5.6209031161642775,1.8202601785447121,28.0166365242976,21.56732679852389,-13.536305598876641,0.9356617647058824,0.6773584905660377,0.35145631067961164,0.9356617647058824,-4.872701520795478,-0.8668894339742019,-1.4842946983971168,-0.2640669422194212,10.264893025220404,1.8261999563204,AT_10MA AT_20MA,,,,991800.0,36447775.9737587,541.7118361837486,concentration,36.69560106277466,0.224397106170656,121.55856841802564,20000.0,37.79013115738759,38.09957538774019,38.70026124665995,false,false,1.0090744631185808
9,SYRE,2026-07-23,99.98999786376953,6.075185730013377,5.941082853273428,3.0293608650828974,36.97259981338292,194.17473646997428,0.6580882352941176,0.7905660377358491,0.978640776699029,0.978640776699029,1.387136729145193,0.22832828341235564,5.2820262707855985,0.8694427636492963,15.557353644609687,2.5608029673481982,AT_10MA AT_20MA,2026-08-04,unknown,6,1464365.0,136812731.6247177,143.88498053855525,risk,96.515,3.4749978637695307,500.0,14387.05889667866,99.97054142663671,100.9805255116932,102.94108285327343,false,false,1.0060217290799816
10,MBX,2026-07-23,63.56999969482422,7.961899456878996,4.363413297035213,37.03384464585564,89.3091013355302,54.70917366453336,0.9650735294117647,0.9490566037735849,0.7533980582524271,0.9650735294117647,5.319333428305714,0.668098543207534,7.622699495106186,0.9573971056015101,30.224476902809055,3.7961389824755236,AT_10MA AT_20MA AT_PIVOT,2026-08-06,unknown,8,1005005.0,57976772.89176941,76.90207496286618,risk,57.068224544525144,6.501775150299075,500.0,4888.664881920752,59.53670619075393,60.27848645124992,61.718412839271544,true,true,0.997017973856209
11,FSLY,2026-07-23,19.43000030517578,7.20366864462032,1.4133792771204756,16.626653560227677,-22.866217176510762,117.82511366578933,0.8602941176470588,0.17169811320754716,0.9087378640776699,0.9087378640776699,-4.297475310486503,-0.5965675994405775,0.6857973502480988,0.09520112377187843,4.874938008716277,0.6767299065534985,AT_10MA AT_20MA AT_50MA,2026-08-05,amc,7,5035965.0,97291367.87949562,1029.3360620623553,concentration,19.21344946861267,0.21655083656311191,222.90358534418232,20000.0,20.01668910450262,20.2569635816131,20.72337874306286,false,false,0.9930632609030664
12,BLLN,2026-07-23,128.94000244140625,5.78986607526879,7.213775967264608,23.647874904852053,48.47997222352054,53.299252771063934,0.9191176470588235,0.8471698113207548,0.7417475728155339,0.9191176470588235,0.7980474336028516,0.1378352147058605,3.7308066945539378,0.6443683923001169,17.19544125046804,2.9699203793189213,AT_10MA AT_20MA,2026-08-05,amc,7,660895.0,81828649.51339722,155.11090135963454,concentration,125.71824848175049,3.221753959655757,499.7291606411761,20000.0,129.9568864577534,131.18322837218838,133.5637744413857,false,false,0.9893557422969188
13,ODD,2026-07-23,15.529999732971191,7.440170073733143,1.0905245691261427,22.57300425773805,-1.3341806937780754,-54.59064506863945,0.9136029411764706,0.4226415094339623,0.017475728155339806,0.9136029411764706,-5.920800202156842,-0.7957882875634388,-4.81165699533633,-0.646713307310468,12.184157891133129,1.6376181956039166,AT_10MA AT_20MA,,,,1281725.0,20387001.334958076,826.446645760436,risk,14.925,0.6049997329711907,500.0,12834.716187974507,15.545262284563071,15.730651461314515,16.090524569126142,false,false,0.9846346872082167
14,WBI,2026-07-23,35.540000915527344,5.135196944648568,1.7164319568606254,24.309201559449313,27.70392027652786,55.128769760956175,0.9227941176470588,0.7377358490566038,0.7592233009708738,0.9227941176470588,1.392800247472303,0.2712262572370767,4.808668893946048,0.9364137239093044,10.795163213009728,2.1021906909061117,AT_10MA AT_20MA,2026-08-05,amc,7,1040950.0,34538298.190402985,562.7461869665301,concentration,35.09365045547485,0.4463504600524928,251.18201944529685,20000.0,36.12821643619399,36.42000986886029,36.986432414624296,false,false,0.9827147525676938
15,ORKA,2026-07-23,91.94999694824219,6.225039804615151,5.1912932033810915,10.25179288481215,31.96038539829371,166.83110676481115,0.7757352941176471,0.769811320754717,0.9611650485436892,0.9611650485436892,3.021204656129605,0.485330977946475,3.4578553725625585,0.5554752228249137,19.253070385419267,3.092842935903049,AT_10MA AT_20MA,2026-08-10,unknown,10,1552850.0,137970231.31004333,191.64827208112396,risk,89.3410509109497,2.6089460372924833,500.0,17622.058032995235,92.38564751721789,93.26816736179268,94.98129411890844,false,false,0.9790221914008322
16,DELL,2026-07-23,439.3399963378906,7.307526858949975,31.518894018114196,2.7023230612887694,104.67738589816298,287.9039272923969,0.6544117647058824,0.969811320754717,0.9902912621359223,0.9902912621359223,4.693631200754252,0.642300916760323,4.708881307153166,0.6443878206736813,13.69322144249217,1.8738516746909037,AT_10MA AT_20MA,,,,7421005.0,3104441016.035309,45.522830078548694,concentration,431.92950607299804,7.410490264892587,337.34648912744456,20000.0,449.85945311257274,455.21766509565214,465.61890012162985,false,false,0.9771960240406843
17,MLKN,2026-07-23,21.459999084472656,5.361266291035971,0.9511780962583737,33.62390907908668,23.33333077558606,8.383837936241001,0.9595588235294118,0.7018867924528301,0.4912621359223301,0.9595588235294118,1.164954556039253,0.2172909332981753,3.1150950741341763,0.5810371850662615,18.15190752647269,3.385750033872157,AT_10MA AT_20MA,,,,972980.0,20081978.000001907,931.9664889674186,concentration,21.193499240875244,0.26649984359741197,248.36892354784624,20000.0,21.775588285189734,21.937288561553657,22.25117733331892,false,false,0.9726540616246498
18,DDOG,2026-07-23,244.38999938964844,5.362514296771614,12.818180462192103,10.799288785630946,84.94778304713194,97.95075425396217,0.7849264705882353,0.939622641509434,0.8912621359223301,0.939622641509434,-5.656124497333759,-1.054752338980039,-4.727689710441392,-0.8816181083727077,2.34101205250162,0.43655120022914917,AT_20MA AT_50MA,2026-08-06,bmo,8,4360540.0,1114589702.6921082,81.83640922275453,concentration,240.75020668029785,3.639792709350587,297.86756564841306,20000.0,248.36909694496325,250.5481876235359,254.7781871760593,false,false,0.9717654986522911
19,CHYM,2026-07-23,20.760000228881836,5.862788814276754,1.13609018411584,24.535093784457707,-12.8097408881644,-21.304014824394134,0.9246323529411764,0.2849056603773585,0.2796116504854369,0.9246323529411764,-4.296723540751989,-0.7328804903033237,-1.958091802452707,-0.3339864123511434,8.474952773368488,1.4455497275853992,AT_10MA AT_20MA,2026-08-05,amc,7,6107825.0,128749574.2990017,963.3911261800226,concentration,20.342774696350098,0.417225532531738,401.95137565681074,20000.0,21.013044786882137,21.20618011818183,21.58108987894006,false,false,0.9639180672268908
20,ATEX,2026-07-23,100.41999816894531,7.911101607339921,7.109078571188184,25.556381538010697,124.4022305451292,319.2901668894163,0.9264705882352942,0.9811320754716981,0.9922330097087378,0.9922330097087378,-1.759610249007584,-0.22242291103618458,-0.8656156812095197,-0.10941784395821706,19.389861459856782,2.450968578366743,AT_10MA AT_20MA,2026-08-11,unknown,11,483935.0,48806127.27813721,199.16351687591407,concentration,99.57960182189942,0.8403963470458962,167.37629204733187,20000.0,103.63454111664878,104.84308447375076,107.18908040224287,false,false,0.9553282478039762
21,GSHD,2026-07-23,53.900001525878906,6.706424991022075,3.5649401474795086,34.548176929957265,18.253618605946652,-21.816072502042914,0.9613970588235294,0.6528301886792452,0.27184466019417475,0.9613970588235294,0.5398914700965305,0.08050361717595976,3.0454574600401676,0.4541104186085935,18.885531058924546,2.816035530734587,AT_10MA AT_20MA,,,,621155.0,32471852.50814438,84.02015761991053,risk,47.94904863357544,5.950952892303469,500.0,4528.686623917764,49.97246870044874,50.578508525520256,51.754938774188496,true,true,0.9467145191409899
22,GRPN,2026-07-23,25.420000076293945,9.264877529413361,2.0711039376335285,51.670642775342436,59.57312987643064,56.91357332801474,0.9779411764705882,0.8943396226415095,0.7728155339805824,0.9779411764705882,-4.2171515661605685,-0.45517618044839847,-1.2745868455522629,-0.137571904378208,17.39260445453694,1.8772622087362028,AT_10MA AT_20MA,2026-08-06,amc,8,1857910.0,47052303.38806152,629.9211992955285,risk,24.62625,0.7937500762939464,500.0,16012.596934151508,25.785551968816765,26.137639638214463,26.821103937633527,false,false,0.9457983193277313
23,DMRA,2026-07-23,29.170000076293945,10.35225057772966,2.6562927883680176,27.157800336521486,12.625484578865143,3.549875744734332,0.9301470588235294,0.5962264150943396,0.45048543689320386,0.9301470588235294,-4.672609852524741,-0.4513617418203459,0.8124782055831453,0.0784832437625683,13.047308980865774,1.2603355070378488,AT_10MA AT_20MA,2026-08-04,unknown,6,935950.0,25671277.025995255,471.142486741749,risk,28.10875,1.0612500762939447,500.0,13743.226374202137,29.57814639418401,30.029716168206573,30.906292788368017,false,false,0.9440359477124183
24,SLS,2026-07-23,12.34000015258789,13.470605851479768,1.3408838315828948,36.052927980027306,158.1589876767527,169.43232223031526,0.9632352941176471,0.9886792452830189,0.9669902912621359,0.9886792452830189,-2.3500791534216257,-0.174459796339707,-6.316854191699979,-0.4689361608042345,18.62074668215627,1.3823243651740245,AT_10MA AT_20MA,2026-08-11,unknown,11,11430860.0,154127600.43426037,705.7655411651812,risk,11.631549582481384,0.7084505701065069,499.99999999999994,8709.14688566961,12.360441496174747,12.58839174754384,13.030883411966196,false,false,0.9414570230607968
25,ENOV,2026-07-23,26.059999465942383,6.709891219770148,1.5268005153770512,23.21512972090214,9.680131375860634,10.05067200208778,0.9172794117647058,0.5660377358490566,0.5009708737864077,0.9172794117647058,-1.2778218751520967,-0.1904385381669227,5.1841886943115085,0.7726188882223186,8.732154597709355,1.301385419182471,AT_10MA AT_20MA,2026-08-06,bmo,8,1224845.0,29758824.162597656,635.3241399676696,risk,25.272999620437623,0.7869998455047593,500.00000000000006,16556.546748257773,26.1633998762188,26.422955963832898,26.926800133907324,false,false,0.9406921101774043
26,CLRO,2026-07-23,5.539999961853027,38.178380793479015,1.7415695099155757,83.44370850470655,76.43311390978742,-20.172911870668575,0.9871323529411764,0.9283018867924528,0.2912621359223301,0.9871323529411764,-25.7400727925495,-0.6742054601997679,-20.018050954784645,-0.5243294906368525,16.039710809450884,0.4201254866259419,AT_10MA AT_20MA AT_50MA,2026-08-13,unknown,13,9650790.0,95299990.28620243,3610.1083281073475,concentration,5.492399981021881,0.04759998083114603,171.84108721627038,20000.0,6.390784735884301,6.68685155256995,7.261569490842089,false,false,0.9373307656395892
27,OSCR,2026-07-23,28.920000076293945,5.721610884431816,1.649858837033869,-3.3745413250369283,75.91240350863964,87.79221293937913,0.5349264705882353,0.9264150943396227,0.8640776699029126,0.9264150943396227,-3.931536209054904,-0.6871379911123272,-4.7112734526551865,-0.8234173116305932,5.928077523828828,1.0360854038429625,AT_10MA AT_20MA,2026-08-06,bmo,8,5386550.0,162903595.93094826,691.5629304024183,concentration,28.418195819854738,0.5018042564392076,347.02922207150493,20000.0,29.385930242491543,29.6664062447873,30.210859661008477,false,false,0.9347484276729561
28,CBRL,2026-07-23,51.81999969482422,5.306234946597499,2.683021909512953,11.536807395553561,69.51259474038471,59.54433628436031,0.8069852941176471,0.9150943396226415,0.7883495145631068,0.9150943396226415,-1.2524117911984023,-0.23602644884796942,-0.3338474807170779,-0.06291607591389257,17.322269263448348,3.2645123025613207,AT_10MA AT_20MA,,,,1060075.0,55341418.777656555,385.9513724002897,concentration,50.79474924087524,1.0252504539489777,395.696819755628,20000.0,52.39151019181703,52.84762391643422,53.7330211465735,false,false,0.934538784067086
29,SBET,2026-07-23,6.0,6.258323450374492,0.37185153385569103,20.724351172832378,-19.678712603470316,-39.819459986954655,0.9025735294117647,0.20754716981132076,0.1087378640776699,0.9025735294117647,1.5000001589457135,0.23968082999224893,7.88333336512248,1.2596557892275044,4.283333619435625,0.6844218988360716,AT_10MA AT_50MA,2026-08-13,unknown,13,10749030.0,58238550.42523861,3333.3333333333335,concentration,5.930200037956237,0.0697999620437626,232.66654014587533,20000.0,6.1459258050748184,6.209140565830285,6.331851572002663,false,false,0.9267798786181138
30,QTTB,2026-07-23,15.380000114440918,13.310510419789479,1.9947709190086904,29.461279177476783,131.27819389288487,267.94260158029317,0.9448529411764706,0.9830188679245283,0.9883495145631067,0.9883495145631067,-2.6788016865277506,-0.20125461774516376,6.1232131705770545,0.4600284269695121,22.627439008094388,1.6999677919528098,AT_10MA AT_20MA,2026-08-05,unknown,7,2618180.0,48107445.62133312,953.016640273156,risk,14.855350303649903,0.5246498107910149,500.0,14657.396036465238,15.927385764680126,16.266496820911605,16.92477122418447,false,false,0.923666974880567
31,DAVE,2026-07-23,408.5899963378906,6.451022134662532,24.81535216134512,28.499542337104987,44.92090260331369,119.6720410418767,0.9393382352941176,0.8301886792452831,0.916504854368932,0.9393382352941176,-3.719622185224121,-0.576594236940826,2.473750393709545,0.38346642471084197,21.479722305646785,3.3296618516052323,AT_10MA AT_20MA,2026-08-05,amc,7,542675.0,215221971.83135986,25.197187911396846,risk,388.74651214599606,19.84348419189456,500.00000000000006,10295.318916442779,403.1076882877038,407.32629815513246,415.51536436837637,false,false,0.9214810924369747
32,VOR,2026-07-23,18.979999542236328,9.311379277591513,1.4640270830852689,27.81144144561867,23.890338905480668,4.977874017301387,0.9319852941176471,0.7075471698113207,0.4660194174757281,0.9319852941176471,2.439407511979211,0.26198132835699395,1.8835590764573404,0.2022857216213131,15.022126651570012,1.6133084265745476,AT_10MA AT_20MA,2026-08-11,unknown,11,1780445.0,32832156.60466194,1053.7408051825216,concentration,18.671174392700195,0.3088251495361334,325.4216617328178,20000.0,19.497012931191072,19.745897535315567,20.229026472733707,false,false,0.9173027544351074
33,DNTH,2026-07-23,104.79000091552734,6.375282706888674,6.012357949239197,19.71895621722881,14.78803797197006,118.17614736375263,0.8841911764705882,0.6132075471698113,0.9106796116504854,0.9106796116504854,3.363871297015263,0.5276426868694787,6.2658660862531494,0.9828373696248329,13.881859929734436,2.17745009405382,AT_10MA AT_20MA,2026-08-06,unknown,8,1303755.0,126937973.97087097,96.51484306713911,risk,99.6094506072998,5.180550308227538,500.0,10113.790493367485,103.11617958497116,104.13828043634183,106.12235855959077,false,false,0.9150446910155646
34,MPLT,2026-07-23,35.22999954223633,7.819631168176966,2.6108746913782754,23.00977755945679,9.648298696128688,107.84659561352595,0.9154411764705882,0.5641509433962264,0.8970873786407767,0.9154411764705882,-5.078060531222867,-0.6493989834058559,-3.4870864970434825,-0.44594002223975054,9.39029128673541,1.2008611512203358,AT_10MA AT_20MA,2026-08-13,unknown,13,595990.0,21744008.342456818,550.9789984866276,risk,34.32252393722534,0.9074756050109869,500.0,19410.98986446572,35.8004362775739,36.24428497510821,37.105873623263044,false,false,0.9094887955182075
35,PANW,2026-07-23,325.6300048828125,5.563519009962503,16.496436415068047,11.931111595283973,79.70751124009409,79.4401293284737,0.8125,0.9377358490566038,0.8427184466019417,0.9377358490566038,-5.257805725904667,-0.9450503748597965,-3.6665829759844253,-0.6590402530158942,9.443971759221252,1.6974817093839503,AT_10MA AT_20MA,,,,7435600.0,2504049938.916168,61.41940146823259,concentration,320.2606451416016,5.369359741210928,329.78286157279945,20000.0,330.1182133247215,332.9226075152831,338.36643153225555,false,false,0.9071802935010483
36,EXTR,2026-07-23,29.729999542236328,5.0376900727087115,1.4631988172590409,-5.469002158912395,69.1126261163767,96.75711593479998,0.48713235294117646,0.9132075471698113,0.8854368932038834,0.9132075471698113,-4.5946874469512595,-0.9120623501319813,-5.042046356078709,-1.0008647382643876,1.8324909049686107,0.36375618160711903,AT_10MA AT_50MA,2026-08-05,bmo,7,2163850.0,67785865.9989357,644.746021744217,risk,28.95450037956238,0.7754991626739489,500.0,19168.298931314268,29.831599790099247,30.080343589033284,30.563199198728768,false,false,0.9001123090745733
37,ZBIO,2026-07-23,30.989999771118164,7.449519741089428,1.8768603006279014,53.37787620953327,54.40956772465755,58.19295318904989,0.9816176470588235,0.8716981132075472,0.7786407766990291,0.9816176470588235,3.80122522070067,0.510264467081575,8.495481664003208,1.1404066247579092,27.170700072041033,3.6473089563311305,AT_10MA,2026-08-11,unknown,11,1164455.0,32515354.92082596,594.1766903648435,risk,30.148499240875243,0.8415005302429215,499.99999999999994,18413.53549841025,31.2384293873745,31.557495638481242,32.17685953768845,false,false,0.8925303454715217
38,VEEE,2026-07-23,14.5,44.78124553329015,7.616693357856264,156.6371638097651,87.50808705481734,-75.03873306608344,0.9944852941176471,0.9471698113207547,0.001941747572815534,0.9944852941176471,-78.248275559524,-1.7473447785491951,-6.534482528423438,-0.14592007101646465,31.05103453274431,0.693393722371146,AT_20MA AT_50MA,2026-08-06,unknown,8,6609910.0,188769654.65824366,1379.3103448275863,concentration,14.4275,0.07249999999999979,99.99999999999972,20000.0,18.30834667892813,19.603184549763697,22.116693357856263,false,false,0.889326563958917
39,ATAI,2026-07-23,7.170000076293945,7.5087044486300325,0.3820699719029171,74.87805470904037,52.229299749959154,83.84615130678444,0.9852941176470588,0.8603773584905661,0.8543689320388349,0.9852941176470588,10.43933128410849,1.3902972683940373,19.50139526408266,2.597171775437333,32.9093448776251,4.382825972545694,AT_PIVOT,2026-08-13,unknown,13,22613135.0,143616955.64006567,2789.4002492588074,concentration,7.114250094890594,0.05574998140335108,155.5090120226814,20000.0,7.34103508131889,7.405986976542386,7.5320700672703484,false,false,0.8850957049486461
40,MNPR,2026-07-23,105.69999694824219,8.54002220314638,7.693220161585136,29.26501319259245,98.31144176592575,50.16337244603874,0.9430147058823529,0.960377358490566,0.7184466019417476,0.960377358490566,-1.7691613656688758,-0.20716121382179403,4.111161075506467,0.48139934273142776,25.6591275206055,3.004573865294164,AT_10MA AT_20MA,2026-08-11,unknown,11,230925.0,23597607.304229736,96.06153566888423,risk,100.495,5.204996948242183,500.00000000000006,10153.704027044521,104.84661008079257,106.15445750826204,108.69322016158513,false,false,0.8814091045223119
41,LQDA,2026-07-23,89.02999877929688,6.515898948948884,5.223625215831325,20.245809938430035,140.23204392933567,122.63064526760546,0.8970588235294118,0.9849056603773585,0.920388349514563,0.9849056603773585,10.970458483513204,1.6836446619975451,11.143433561795272,1.710191279684115,21.490507603686243,3.2981646541883523,AT_PIVOT,2026-08-11,unknown,11,1642035.0,130168707.09465027,112.23347631958599,risk,84.575,4.454998779296872,500.0,9992.146259728985,87.61181260791567,88.49982889460699,90.22362521583132,false,false,0.8616913746630728
42,LCID,2026-07-23,6.449999809265137,18.40003410913433,0.7844831591878381,24.277451602177425,-6.657019512370166,-43.76634996421019,0.9209558823529411,0.36603773584905663,0.07184466019417475,0.9209558823529411,2.155034920005941,0.11712124592943643,3.5930198430799094,0.1952724555709506,8.857361515765565,0.48137745089116457,AT_10MA AT_20MA AT_50MA,2026-08-04,amc,6,27258075.0,161028198.6740613,1914.9749731276868,risk,6.188899791240692,0.26110001802444494,500.0,12351.58821142109,6.612241369785569,6.745603506847502,7.004482949379488,false,false,0.8608368347338934
43,AGEN,2026-07-23,6.190000057220459,13.607242138056597,0.6313303406326471,101.62867074339145,57.10659815541479,82.05882010575407,0.9908088235294118,0.879245283018868,0.8485436893203883,0.9908088235294118,16.2520199137672,1.1943654525198546,31.93861091405522,2.3471773773121622,41.33441059499802,3.037677302691216,AT_PIVOT,2026-08-10,unknown,10,10773265.0,62792754.37653422,660.2403106839887,risk,5.432700037956238,0.7573000192642212,500.0,4086.8875609131437,5.7756652084632965,5.882991366370846,6.09133037877962,true,true,0.8588643790849673
44,MRVI,2026-07-23,7.050000190734863,5.715628736126677,0.3446208794134325,31.284922550810677,91.05691277537184,84.07311569638397,0.9522058823529411,0.9509433962264151,0.8563106796116504,0.9522058823529411,2.7375910403855985,0.478965861285243,8.312059407550477,1.454268601284857,22.507803828792603,3.9379401406056895,AT_10MA,2026-08-06,amc,8,3449735.0,22348561.01650238,2836.879355873504,concentration,6.965,0.08500019073486342,241.13528634104435,20000.0,7.172310439706716,7.230895989207,7.344620879413433,false,false,0.8512138188608777
45,BWET,2026-07-23,247.74000549316406,8.50032692334044,20.476919344324454,20.373163807376706,93.47129995227532,684.9561136381135,0.8988970588235294,0.9547169811320755,1.0,1.0,6.652539937911622,0.7826216565441605,19.91866629539042,2.343282379022056,22.83553909490265,2.6864306868245476,AT_10MA,,,,141785.0,29244041.07521057,80.72979557817868,concentration,245.83465728759765,1.905348205566412,153.818371140626,20000.0,257.30846699638096,260.78954328491614,267.5469266685432,false,false,0.8498015873015872
46,URGN,2026-07-23,42.5,5.459881246047016,1.9764390911923442,20.910378819499375,63.08519136979618,121.00884561465529,0.9080882352941176,0.9,0.9184466019417475,0.9184466019417475,4.294118544634654,0.7864857038316757,8.48000066420612,1.5531474554223477,21.38423542695887,3.9166118205301945,AT_10MA,2026-08-06,unknown,8,829685.0,32240550.397396088,343.3476394849792,risk,41.04375,1.4562499999999972,500.0,14592.274678111617,42.23821954559617,42.57421419109887,43.22643909119235,false,false,0.8492005701957158
47,ETON,2026-07-23,44.13999938964844,5.226852634171419,2.0312744786856483,31.80052904574595,86.95467280206553,190.96901231151415,0.9558823529411764,0.9433962264150944,0.974757281553398,0.974757281553398,9.048481052171992,1.7311528917069596,12.970093602681724,2.4814347199857094,22.553238188870907,4.314879291110172,AT_PIVOT,2026-08-06,unknown,8,544750.0,21196555.713272095,343.7612456036823,risk,42.68550151824951,1.454497871398928,500.00000000000006,15173.621171131324,43.91563876522173,44.260955426598294,44.93127600456455,false,false,0.8404318847280012
48,SKYQ,2026-07-23,5.639999866485596,24.43665666070023,0.8497110355517254,243.90243388300203,-31.135529237455252,83.11688331794448,1.0,0.10566037735849057,0.8524271844660194,1.0,28.58155906647119,1.1696182281939131,37.21631062965587,1.522970639821947,52.06028249051378,2.1304175613449896,"",2026-08-13,unknown,13,14420680.0,54791937.007927895,466.00506358132657,risk,4.567050151824951,1.0729497146606448,500.0,2628.2684963802935,5.014855670363754,5.159306546407547,5.439711188139616,true,true,0.8388888888888887
49,PVLA,2026-07-23,143.2050018310547,8.730066950614379,11.131770908910287,20.66481417493673,9.618036206452917,52.47551599549061,0.9007352941176471,0.5622641509433962,0.7281553398058253,0.9007352941176471,-1.3180389560753032,-0.15097695854240226,-1.6114990671899265,-0.18459183375180382,11.727315677442594,1.3433248271500693,AT_10MA AT_20MA,2026-08-13,unknown,13,318150.0,46145317.99686432,86.57099191207968,risk,137.42939514160156,5.775606689453127,499.99999999999994,12397.39905528559,143.68588057164266,145.5782816261574,149.25176602609778,false,false,0.8273225957049487
50,OKTA,2026-07-23,136.10000610351562,5.870525555767259,7.956585523798814,15.182804574640606,72.93521141179092,53.024513568209564,0.8419117647058824,0.9226415094339623,0.7378640776699029,0.9226415094339623,-6.07200331859028,-1.0343202258314144,-3.949298723576001,-0.672733418168357,11.231010095913986,1.9131183382517665,AT_20MA,,,,3232030.0,455512435.19859314,146.9507649014233,concentration,133.12104331970215,2.978962783813472,437.760859694263,20000.0,137.76828604803222,139.12090558707803,141.74657880993163,false,false,0.8248240491165019
51,NVCR,2026-07-23,19.989999771118164,5.59977162147689,1.1693632137668892,41.47204252806978,53.533018957755594,47.41887280622385,0.9742647058823529,0.8660377358490566,0.7087378640776699,0.9742647058823529,18.05402634240277,3.2240647588483586,18.05902848113314,3.224958034336806,16.27313595312139,2.9060356480805005,AT_PIVOT,,,,1830830.0,31440095.292716026,240.38464183638374,risk,17.91,2.079999771118164,500.0,4805.288935289633,18.584681606883443,18.783473353223815,19.16936321376689,true,true,0.8216853408029876
52,TRAX,2026-07-23,37.63999938964844,13.507006341646344,3.3025814389718304,111.69852607440953,99.47004618775406,,0.9926470588235294,0.9622641509433962,,0.9926470588235294,3.1535598098732187,0.2334758517251749,24.9548339937773,1.8475473663496926,42.80871319840683,3.1693709261403185,AT_10MA,2026-08-11,unknown,11,967020.0,28596163.975811005,361.7419523199811,risk,36.25779863357544,1.3822007560729972,500.0,13615.966864534324,38.0912893461949,38.65272819082011,39.74258006568081,false,false,0.8178454715219422
53,RHI,2026-07-23,37.849998474121094,5.1386434313764,1.961401250747437,29.048750673636125,28.43569513409916,34.64958254103616,0.9411764705882353,0.749056603773585,0.6310679611650485,0.9411764705882353,-1.7199528328033817,-0.3347095115223217,6.071330306435601,1.1815044938444734,16.326548681485367,3.177209880295636,AT_10MA,,,,2357625.0,84668781.00494385,528.4016065066543,concentration,37.44185106277466,0.40814741134643384,215.6657478469879,20000.0,38.610701693488956,38.944139906116014,39.59140231886267,false,false,0.8068510737628385
54,RPD,2026-07-23,9.5600004196167,9.38908237762699,0.9047622395438848,42.05052589186793,51.26582531569146,-23.94589775882737,0.9761029411764706,0.8547169811320755,0.2621359223300971,0.9761029411764706,-19.989534522160817,-2.129018973120673,-8.870288277976503,-0.9447449624164862,11.538706656077817,1.228949346910952,AT_20MA,2026-08-10,amc,10,3027355.0,31935854.64929104,2092.0501173787484,concentration,9.492299962043763,0.0677004575729363,141.63275021205635,20000.0,9.99238108162497,10.146190662347431,10.444762201396912,false,false,0.7886029411764706
55,AMPL,2026-07-23,8.050000190734863,7.667226961831242,0.6521606721855644,20.870876504041803,10.57692251009954,-17.940878222211165,0.90625,0.5773584905660377,0.316504854368932,0.90625,-15.937885356976883,-2.0787026960749153,-9.540370454483249,-1.2443052099509815,4.722983443858856,0.6159963005361221,AT_50MA,2026-08-05,amc,7,2445210.0,21184500.275802612,873.2475526054692,risk,7.477424867153168,0.5725753235816953,500.0,7029.64296503278,7.841080202578378,7.951947516849923,8.16716053867116,false,false,0.7758928571428573
56,BLZE,2026-07-23,12.760000228881836,9.554137555005514,1.177229098413682,9.433965659217968,205.2631759067179,172.64958754093743,0.7591911764705882,0.9943396226415094,0.9689320388349514,0.9943396226415094,-13.706893884301966,-1.4346552794941474,-18.05250589880439,-1.8894961261413377,14.83385738084864,1.5526108238913752,"",2026-08-03,amc,5,3355100.0,50003960.0255394,1037.9902844419798,risk,12.27830015182495,0.48170007705688533,500.0,13244.756267056784,12.928614701794732,13.128743648525058,13.517229251001572,false,false,0.7705300988319856
57,PTRN,2026-07-23,23.489999771118164,5.827146614654377,1.4492510182097553,9.306654356915978,77.28301714051445,75.82335609850115,0.7573529411764706,0.930188679245283,0.8349514563106796,0.930188679245283,-16.747554001960935,-2.874057426295644,-13.925076275676432,-2.389690391633018,5.250743756356307,0.9010831721912564,AT_50MA,2026-08-05,amc,7,2508330.0,65930583.24552536,690.225816697815,risk,22.76559916496277,0.7244006061553954,500.00000000000006,16213.404276251524,23.60462466987148,23.850997342967137,24.329250178976356,false,false,0.7641172506738545
58,PSNL,2026-07-23,12.220000267028809,9.034855096516182,1.1796225567322933,21.47117054985579,93.66086177246342,26.632132125306285,0.9099264705882353,0.9566037735849057,0.5844660194174757,0.9566037735849057,-16.505725674730417,-1.8268943440050283,-14.410799026877616,-1.5950227062783093,8.32078801591965,0.920965297952385,AT_50MA,2026-08-04,unknown,6,5817920.0,82106987.23186493,1636.6611753653287,concentration,12.01462481021881,0.2053754568099979,336.1300365338425,20000.0,12.664811087631284,12.865346922275773,13.254622365997431,false,false,0.7603736148547471
59,FBRX,2026-07-23,59.70000076293945,14.974678038423894,4.6303601784162725,228.92563095146645,100.134096264263,89.52381194583954,0.9981617647058824,0.9641509433962264,0.8699029126213592,0.9981617647058824,18.96314932200946,1.2663477153466305,40.68006738276051,2.716590452120475,56.77805740154456,3.791604551086597,"",2026-08-13,unknown,13,1027050.0,37749747.280511856,87.60678003703543,risk,53.99267993927002,5.707320823669434,500.0,5230.124835049684,56.57918002817298,57.366341258503745,58.89436011738112,true,true,0.7592728758169935
60,MAN,2026-07-23,49.95000076293945,6.164060383566139,2.8092926567874,54.835720278380684,58.37032122072243,64.57990159840841,0.9834558823529411,0.8886792452830189,0.8058252427184466,0.9834558823529411,6.322323356035431,1.0256751171502527,16.25125199584271,2.636452433069897,29.51271363354453,4.7878690014503595,"",,,,1892070.0,81164320.32382965,400.4003942846595,concentration,49.202750759124754,0.747250003814699,299.19919615661877,20000.0,50.854647091333156,51.33222684298701,52.25929341972685,false,false,0.7382177871148458
